mean_fit_time,std_fit_time,mean_score_time,std_score_time,param_class_weight,param_criterion,param_max_depth,param_max_features,param_splitter,params,split0_test_score,split1_test_score,split2_test_score,split3_test_score,split4_test_score,mean_test_score,std_test_score,rank_test_score
0.018649530410766602,0.0014040443313826961,0.0017097949981689452,0.0003833369393002425,,gini,,,best,"{'class_weight': None, 'criterion': 'gini', 'max_depth': None, 'max_features': None, 'splitter': 'best'}",0.8888888888888888,0.8790849673202614,0.9019607843137255,0.8137254901960784,0.8754098360655738,0.8718139933569056,0.030464577492717828,15
0.006828594207763672,0.0005015812736892354,0.0014332294464111327,0.0005239103318510297,,gini,,,random,"{'class_weight': None, 'criterion': 'gini', 'max_depth': None, 'max_features': None, 'splitter': 'random'}",0.7483660130718954,0.7973856209150327,0.8398692810457516,0.673202614379085,0.8098360655737705,0.773731918997107,0.058286753115256856,23
0.007449483871459961,0.0006515834271439312,0.001821756362915039,0.0002290183395396535,,gini,,sqrt,best,"{'class_weight': None, 'criterion': 'gini', 'max_depth': None, 'max_features': 'sqrt', 'splitter': 'best'}",0.31699346405228757,0.33986928104575165,0.4215686274509804,0.3104575163398693,0.3377049180327869,0.34531876138433515,0.039797835108767055,72
0.004329490661621094,0.0007322952880096517,0.0015933513641357422,0.0005511438293656863,,gini,,sqrt,random,"{'class_weight': None, 'criterion': 'gini', 'max_depth': None, 'max_features': 'sqrt', 'splitter': 'random'}",0.3137254901960784,0.238562091503268,0.2222222222222222,0.3104575163398693,0.2098360655737705,0.25896067716704174,0.044339943671371576,119
0.007313060760498047,0.00035335433260319537,0.0015971660614013672,0.00048784221342365104,,gini,,log2,best,"{'class_weight': None, 'criterion': 'gini', 'max_depth': None, 'max_features': 'log2', 'splitter': 'best'}",0.3888888888888889,0.5686274509803921,0.38562091503267976,0.3790849673202614,0.34098360655737703,0.4126411657559198,0.07985838719557417,51
0.004599714279174804,0.000353937133758432,0.001339101791381836,0.0004266350711017728,,gini,,log2,random,"{'class_weight': None, 'criterion': 'gini', 'max_depth': None, 'max_features': 'log2', 'splitter': 'random'}",0.23202614379084968,0.28104575163398693,0.2581699346405229,0.28431372549019607,0.28852459016393445,0.26881602914389796,0.02118965348547437,109
0.005628347396850586,0.0009867931913428887,0.0013110637664794922,0.0006556449716455679,,gini,2,,best,"{'class_weight': None, 'criterion': 'gini', 'max_depth': 2, 'max_features': None, 'splitter': 'best'}",0.3333333333333333,0.32679738562091504,0.32679738562091504,0.3300653594771242,0.33114754098360655,0.3296282010071788,0.002539863718719842,82
0.0023934364318847655,0.00037650644716503127,0.0008153438568115235,0.0004090889444631313,,gini,2,,random,"{'class_weight': None, 'criterion': 'gini', 'max_depth': 2, 'max_features': None, 'splitter': 'random'}",0.16993464052287582,0.16666666666666666,0.17320261437908496,0.19607843137254902,0.1901639344262295,0.17920925747348118,0.011696057798824088,181
0.002233123779296875,0.0004104203818320301,0.0018520355224609375,0.0005008155772756499,,gini,2,sqrt,best,"{'class_weight': None, 'criterion': 'gini', 'max_depth': 2, 'max_features': 'sqrt', 'splitter': 'best'}",0.2222222222222222,0.19934640522875818,0.17320261437908496,0.16993464052287582,0.21639344262295082,0.19621986499517838,0.021510824814414433,162
0.0019195556640625,0.0004977134662449784,0.0012382984161376954,0.0007934592578242312,,gini,2,sqrt,random,"{'class_weight': None, 'criterion': 'gini', 'max_depth': 2, 'max_features': 'sqrt', 'splitter': 'random'}",0.11437908496732026,0.11764705882352941,0.1437908496732026,0.20915032679738563,0.1377049180327869,0.14453444765884496,0.03421895622944336,208
0.002408409118652344,0.0003770060936325922,0.0009971141815185546,0.0006298624563474122,,gini,2,log2,best,"{'class_weight': None, 'criterion': 'gini', 'max_depth': 2, 'max_features': 'log2', 'splitter': 'best'}",0.21241830065359477,0.2875816993464052,0.16993464052287582,0.20915032679738563,0.17704918032786884,0.21122682952962607,0.04173476773554899,147
0.0018850803375244141,0.0007600536695393603,0.001302337646484375,0.0005964831011659955,,gini,2,log2,random,"{'class_weight': None, 'criterion': 'gini', 'max_depth': 2, 'max_features': 'log2', 'splitter': 'random'}",0.11437908496732026,0.14052287581699346,0.12418300653594772,0.1437908496732026,0.21639344262295082,0.14785385192328296,0.03591321660709407,205
0.00912022590637207,0.0007798575290210848,0.0016115188598632812,0.00037292691230568563,,gini,4,,best,"{'class_weight': None, 'criterion': 'gini', 'max_depth': 4, 'max_features': None, 'splitter': 'best'}",0.545751633986928,0.5261437908496732,0.5065359477124183,0.49019607843137253,0.5245901639344263,0.5186435229829637,0.01888023685936719,43
0.0027114391326904298,0.0004162017788081707,0.0013084888458251953,0.0005988112299427189,,gini,4,,random,"{'class_weight': None, 'criterion': 'gini', 'max_depth': 4, 'max_features': None, 'splitter': 'random'}",0.19607843137254902,0.2647058823529412,0.27450980392156865,0.23529411764705882,0.29508196721311475,0.2531340405014465,0.03442111189824222,122
0.0032059192657470704,0.0006583088948650275,0.0016201972961425782,0.0007274596117208204,,gini,4,sqrt,best,"{'class_weight': None, 'criterion': 'gini', 'max_depth': 4, 'max_features': 'sqrt', 'splitter': 'best'}",0.238562091503268,0.3562091503267974,0.34967320261437906,0.21568627450980393,0.2360655737704918,0.279239258544948,0.06073365701717208,102
0.0016193866729736328,0.0004591642599764278,0.0014896869659423828,0.0005261171802447575,,gini,4,sqrt,random,"{'class_weight': None, 'criterion': 'gini', 'max_depth': 4, 'max_features': 'sqrt', 'splitter': 'random'}",0.16339869281045752,0.1437908496732026,0.19281045751633988,0.14052287581699346,0.14426229508196722,0.15695703417979212,0.019654766888369247,196
0.002924060821533203,0.000372441250186728,0.0012325286865234376,0.00028945196181070744,,gini,4,log2,best,"{'class_weight': None, 'criterion': 'gini', 'max_depth': 4, 'max_features': 'log2', 'splitter': 'best'}",0.19934640522875818,0.17973856209150327,0.17973856209150327,0.2549019607843137,0.2360655737704918,0.20995821279331403,0.030465061357355643,149
0.0019581794738769533,0.0008258520229940448,0.0010750770568847656,0.00013406965058965068,,gini,4,log2,random,"{'class_weight': None, 'criterion': 'gini', 'max_depth': 4, 'max_features': 'log2', 'splitter': 'random'}",0.15359477124183007,0.1503267973856209,0.1895424836601307,0.13398692810457516,0.13114754098360656,0.1517197042751527,0.020850342727864155,200
0.012457561492919923,0.0007183908481522511,0.0014826297760009766,0.00043274262306588926,,gini,6,,best,"{'class_weight': None, 'criterion': 'gini', 'max_depth': 6, 'max_features': None, 'splitter': 'best'}",0.6928104575163399,0.7418300653594772,0.7679738562091504,0.6470588235294118,0.7278688524590164,0.7155084110146792,0.041949436371698776,26
0.003457498550415039,0.0003367977304845152,0.0011220455169677734,0.00021171362549394354,,gini,6,,random,"{'class_weight': None, 'criterion': 'gini', 'max_depth': 6, 'max_features': None, 'splitter': 'random'}",0.45751633986928103,0.37254901960784315,0.3888888888888889,0.41830065359477125,0.43934426229508194,0.41531983285117324,0.03128750859743635,50
0.003975534439086914,0.00035578700893916634,0.001093006134033203,0.00016661447716339163,,gini,6,sqrt,best,"{'class_weight': None, 'criterion': 'gini', 'max_depth': 6, 'max_features': 'sqrt', 'splitter': 'best'}",0.4084967320261438,0.24183006535947713,0.3006535947712418,0.2581699346405229,0.25901639344262295,0.29363334404800173,0.060634063325713174,97
0.001802968978881836,0.00040309531194858194,0.0013208866119384765,0.0003941860365605851,,gini,6,sqrt,random,"{'class_weight': None, 'criterion': 'gini', 'max_depth': 6, 'max_features': 'sqrt', 'splitter': 'random'}",0.2875816993464052,0.1830065359477124,0.19934640522875818,0.1437908496732026,0.20327868852459016,0.2034008357441337,0.047057728434624635,155
0.0033830642700195313,0.0005980917476396172,0.0013281822204589844,0.0005874858927747537,,gini,6,log2,best,"{'class_weight': None, 'criterion': 'gini', 'max_depth': 6, 'max_features': 'log2', 'splitter': 'best'}",0.3137254901960784,0.16993464052287582,0.22549019607843138,0.3366013071895425,0.20655737704918034,0.2504618022072217,0.06396579080508105,125
0.0016273021697998046,0.00037637619881986334,0.0019285202026367188,0.00017443570083678145,,gini,6,log2,random,"{'class_weight': None, 'criterion': 'gini', 'max_depth': 6, 'max_features': 'log2', 'splitter': 'random'}",0.24509803921568626,0.15359477124183007,0.1503267973856209,0.23202614379084968,0.1377049180327869,0.1837501339333548,0.04525652625348361,177
0.01454782485961914,0.0006448096125834968,0.0015343189239501952,0.00046704286659792957,,gini,8,,best,"{'class_weight': None, 'criterion': 'gini', 'max_depth': 8, 'max_features': None, 'splitter': 'best'}",0.8529411764705882,0.7941176470588235,0.8758169934640523,0.761437908496732,0.8786885245901639,0.832600450016072,0.04679862997390818,17
0.004435443878173828,0.000358963209054875,0.0014337539672851563,0.00038754796218839913,,gini,8,,random,"{'class_weight': None, 'criterion': 'gini', 'max_depth': 8, 'max_features': None, 'splitter': 'random'}",0.41830065359477125,0.3431372549019608,0.545751633986928,0.6013071895424836,0.6459016393442623,0.5108796742740812,0.11343060827659983,45
0.004821491241455078,0.0002488169189212247,0.0012918472290039062,0.00039240910001140934,,gini,8,sqrt,best,"{'class_weight': None, 'criterion': 'gini', 'max_depth': 8, 'max_features': 'sqrt', 'splitter': 'best'}",0.34967320261437906,0.3137254901960784,0.34967320261437906,0.20915032679738563,0.2262295081967213,0.2896903460837887,0.06047734610516592,98
0.001999378204345703,0.00012555920097081418,0.0010903358459472656,0.0004817029505104193,,gini,8,sqrt,random,"{'class_weight': None, 'criterion': 'gini', 'max_depth': 8, 'max_features': 'sqrt', 'splitter': 'random'}",0.1830065359477124,0.2908496732026144,0.17647058823529413,0.19934640522875818,0.1737704918032787,0.2046887388835316,0.04398765073128699,153
0.004528665542602539,0.0005192505880348407,0.0011270523071289062,0.00020757874396126194,,gini,8,log2,best,"{'class_weight': None, 'criterion': 'gini', 'max_depth': 8, 'max_features': 'log2', 'splitter': 'best'}",0.3431372549019608,0.3104575163398693,0.30718954248366015,0.27124183006535946,0.3081967213114754,0.308044573020465,0.022770659772784002,92
0.002324628829956055,0.0006745982877531839,0.000933837890625,0.0005282706563366982,,gini,8,log2,random,"{'class_weight': None, 'criterion': 'gini', 'max_depth': 8, 'max_features': 'log2', 'splitter': 'random'}",0.20588235294117646,0.17973856209150327,0.17973856209150327,0.32679738562091504,0.13442622950819672,0.20531661845065896,0.06494893074782,152
0.016410398483276366,0.0005459876538645605,0.0016263961791992188,0.0006791236710549122,,gini,10,,best,"{'class_weight': None, 'criterion': 'gini', 'max_depth': 10, 'max_features': None, 'splitter': 'best'}",0.8758169934640523,0.8562091503267973,0.8790849673202614,0.8202614379084967,0.8852459016393442,0.8633236901317904,0.02362226952401078,16
0.006043004989624024,0.000638925554899103,0.00124359130859375,0.00047502483236947125,,gini,10,,random,"{'class_weight': None, 'criterion': 'gini', 'max_depth': 10, 'max_features': None, 'splitter': 'random'}",0.5294117647058824,0.6993464052287581,0.6862745098039216,0.6274509803921569,0.5114754098360655,0.6107918139933568,0.07785055090051499,36
0.005537700653076172,0.0002952759343356814,0.0008921623229980469,0.00047577341159829877,,gini,10,sqrt,best,"{'class_weight': None, 'criterion': 'gini', 'max_depth': 10, 'max_features': 'sqrt', 'splitter': 'best'}",0.4673202614379085,0.2679738562091503,0.39869281045751637,0.28431372549019607,0.3344262295081967,0.3505453766205936,0.07405276984330186,70
0.002708148956298828,0.0005438683555468843,0.0014018535614013672,0.0005631899714529962,,gini,10,sqrt,random,"{'class_weight': None, 'criterion': 'gini', 'max_depth': 10, 'max_features': 'sqrt', 'splitter': 'random'}",0.22875816993464052,0.20588235294117646,0.20261437908496732,0.19934640522875818,0.22295081967213115,0.21191042537233473,0.011716189987466458,144
0.005321645736694336,0.0006292354702830495,0.001419973373413086,0.00046828301431699567,,gini,10,log2,best,"{'class_weight': None, 'criterion': 'gini', 'max_depth': 10, 'max_features': 'log2', 'splitter': 'best'}",0.49019607843137253,0.28431372549019607,0.41830065359477125,0.2908496732026144,0.2262295081967213,0.3419779277831351,0.09708834526984773,74
0.0025176048278808595,0.0006916779079778229,0.0013031005859375,0.0005925763704686744,,gini,10,log2,random,"{'class_weight': None, 'criterion': 'gini', 'max_depth': 10, 'max_features': 'log2', 'splitter': 'random'}",0.21241830065359477,0.24509803921568626,0.21895424836601307,0.1895424836601307,0.18032786885245902,0.20926818814957676,0.022865549183643356,150
0.022783994674682617,0.0002527718678030525,0.002019929885864258,0.0005616402617890221,,entropy,,,best,"{'class_weight': None, 'criterion': 'entropy', 'max_depth': None, 'max_features': None, 'splitter': 'best'}",0.8790849673202614,0.9117647058823529,0.9248366013071896,0.8986928104575164,0.9180327868852459,0.9064823743705132,0.016183250111991315,1
0.008195114135742188,0.001432117191981658,0.0013957023620605469,0.000474263469672199,,entropy,,,random,"{'class_weight': None, 'criterion': 'entropy', 'max_depth': None, 'max_features': None, 'splitter': 'random'}",0.803921568627451,0.5915032679738562,0.7189542483660131,0.545751633986928,0.7311475409836066,0.678255651987571,0.09521464298317071,30
0.010905885696411132,0.0006497346548159223,0.0014599323272705077,0.0006229065189919249,,entropy,,sqrt,best,"{'class_weight': None, 'criterion': 'entropy', 'max_depth': None, 'max_features': 'sqrt', 'splitter': 'best'}",0.46078431372549017,0.28431372549019607,0.3006535947712418,0.3366013071895425,0.4163934426229508,0.3597492767598843,0.06802248266750917,66
0.005059194564819336,7.298606057300357e-05,0.0015854358673095704,0.000619364396025297,,entropy,,sqrt,random,"{'class_weight': None, 'criterion': 'entropy', 'max_depth': None, 'max_features': 'sqrt', 'splitter': 'random'}",0.2908496732026144,0.3137254901960784,0.21568627450980393,0.22549019607843138,0.21311475409836064,0.25177327761705776,0.042077535442251755,124
0.009297847747802734,0.0008570492458084507,0.0015683650970458984,0.0005339523066844974,,entropy,,log2,best,"{'class_weight': None, 'criterion': 'entropy', 'max_depth': None, 'max_features': 'log2', 'splitter': 'best'}",0.369281045751634,0.49019607843137253,0.47058823529411764,0.3235294117647059,0.3836065573770492,0.40744026572377584,0.06308945035793406,52
0.004587841033935547,0.0005742865753071407,0.0018359184265136718,0.0008310218291246009,,entropy,,log2,random,"{'class_weight': None, 'criterion': 'entropy', 'max_depth': None, 'max_features': 'log2', 'splitter': 'random'}",0.3235294117647059,0.20588235294117646,0.20261437908496732,0.19607843137254902,0.3540983606557377,0.2564405871638273,0.06802196216716544,121
0.008338308334350586,0.0008432664281034575,0.0013946056365966796,0.0004899075552226375,,entropy,2,,best,"{'class_weight': None, 'criterion': 'entropy', 'max_depth': 2, 'max_features': None, 'splitter': 'best'}",0.369281045751634,0.3235294117647059,0.3235294117647059,0.3137254901960784,0.34098360655737703,0.33420979320690025,0.01961440831482966,79
0.0024120330810546873,0.00036077246663808937,0.001200723648071289,0.0002492335001966896,,entropy,2,,random,"{'class_weight': None, 'criterion': 'entropy', 'max_depth': 2, 'max_features': None, 'splitter': 'random'}",0.16013071895424835,0.18627450980392157,0.19934640522875818,0.19607843137254902,0.14426229508196722,0.17721847208828886,0.021473035269481154,183
0.0026037216186523436,0.0003721612572127377,0.0011005878448486328,0.0006629739412233058,,entropy,2,sqrt,best,"{'class_weight': None, 'criterion': 'entropy', 'max_depth': 2, 'max_features': 'sqrt', 'splitter': 'best'}",0.21568627450980393,0.17973856209150327,0.17973856209150327,0.18627450980392157,0.14426229508196722,0.18114004071573986,0.022731922267460132,179
0.0016149520874023438,0.0005022732602667952,0.0014291763305664062,0.000573748167569,,entropy,2,sqrt,random,"{'class_weight': None, 'criterion': 'entropy', 'max_depth': 2, 'max_features': 'sqrt', 'splitter': 'random'}",0.19934640522875818,0.17320261437908496,0.13398692810457516,0.11437908496732026,0.13114754098360656,0.15041251473266903,0.03115529313378456,201
0.0029465675354003905,0.00020090736794572226,0.0012981414794921875,0.00039791397731460024,,entropy,2,log2,best,"{'class_weight': None, 'criterion': 'entropy', 'max_depth': 2, 'max_features': 'log2', 'splitter': 'best'}",0.20588235294117646,0.17973856209150327,0.21568627450980393,0.3137254901960784,0.17049180327868851,0.21710489660345011,0.05105393325738911,142
0.001563119888305664,0.0003855464004509424,0.0016059398651123047,0.000356667768451108,,entropy,2,log2,random,"{'class_weight': None, 'criterion': 'entropy', 'max_depth': 2, 'max_features': 'log2', 'splitter': 'random'}",0.16666666666666666,0.14052287581699346,0.16013071895424835,0.10457516339869281,0.17049180327868851,0.14847744562305795,0.02425680955856343,202
0.014097118377685547,0.00063474481676342,0.0016206741333007813,0.0004763111217015252,,entropy,4,,best,"{'class_weight': None, 'criterion': 'entropy', 'max_depth': 4, 'max_features': None, 'splitter': 'best'}",0.5326797385620915,0.630718954248366,0.6372549019607843,0.5784313725490197,0.5540983606557377,0.5866366655951998,0.041334905643599894,38
0.0029422760009765623,0.0005077587084365862,0.000997304916381836,2.54355864116826e-05,,entropy,4,,random,"{'class_weight': None, 'criterion': 'entropy', 'max_depth': 4, 'max_features': None, 'splitter': 'random'}",0.3006535947712418,0.2222222222222222,0.31699346405228757,0.3104575163398693,0.22295081967213115,0.27465552341155036,0.04283178981119866,105
0.0032706260681152344,0.0004233570452442923,0.001014566421508789,0.0005629773339466905,,entropy,4,sqrt,best,"{'class_weight': None, 'criterion': 'entropy', 'max_depth': 4, 'max_features': 'sqrt', 'splitter': 'best'}",0.3660130718954248,0.3202614379084967,0.22549019607843138,0.23529411764705882,0.2459016393442623,0.27859209257473483,0.05503081635354559,103
0.0016934871673583984,0.00039047845218633366,0.0014197826385498047,0.00048481666218162095,,entropy,4,sqrt,random,"{'class_weight': None, 'criterion': 'entropy', 'max_depth': 4, 'max_features': 'sqrt', 'splitter': 'random'}",0.16666666666666666,0.1568627450980392,0.12091503267973856,0.15359477124183007,0.14426229508196722,0.14846030215364833,0.015522890599345992,204
0.003829669952392578,0.001027909572499057,0.0013172149658203125,0.00041080542090643696,,entropy,4,log2,best,"{'class_weight': None, 'criterion': 'entropy', 'max_depth': 4, 'max_features': 'log2', 'splitter': 'best'}",0.24509803921568626,0.20261437908496732,0.2679738562091503,0.3300653594771242,0.20327868852459016,0.2498060645023036,0.04729828850044871,126
0.0017758846282958985,0.00047099184728704427,0.001432037353515625,0.0006064469005333857,,entropy,4,log2,random,"{'class_weight': None, 'criterion': 'entropy', 'max_depth': 4, 'max_features': 'log2', 'splitter': 'random'}",0.10457516339869281,0.1437908496732026,0.16013071895424835,0.16339869281045752,0.16393442622950818,0.1471659702132219,0.02253058087923645,206
0.018649911880493163,0.00022575339460387654,0.0012507438659667969,0.0003705672105667008,,entropy,6,,best,"{'class_weight': None, 'criterion': 'entropy', 'max_depth': 6, 'max_features': None, 'splitter': 'best'}",0.7679738562091504,0.8300653594771242,0.8398692810457516,0.7516339869281046,0.7868852459016393,0.795285545912354,0.0344072576835604,19
0.003345346450805664,0.00045394873919601107,0.0013372421264648438,0.0003712598321075573,,entropy,6,,random,"{'class_weight': None, 'criterion': 'entropy', 'max_depth': 6, 'max_features': None, 'splitter': 'random'}",0.35294117647058826,0.40522875816993464,0.43137254901960786,0.24509803921568626,0.46229508196721314,0.37938712096860605,0.07612745943254923,59
0.004730749130249024,0.0008972277800786279,0.0015838146209716797,0.0007215132062361976,,entropy,6,sqrt,best,"{'class_weight': None, 'criterion': 'entropy', 'max_depth': 6, 'max_features': 'sqrt', 'splitter': 'best'}",0.3431372549019608,0.20915032679738563,0.27124183006535946,0.21895424836601307,0.25901639344262295,0.26030001071466835,0.04755868445947339,117
0.001990604400634766,0.00038027745130289424,0.0012169361114501953,0.0005068462600594538,,entropy,6,sqrt,random,"{'class_weight': None, 'criterion': 'entropy', 'max_depth': 6, 'max_features': 'sqrt', 'splitter': 'random'}",0.20261437908496732,0.16013071895424835,0.16666666666666666,0.12745098039215685,0.18688524590163935,0.1687495981999357,0.02553399544923797,190
0.005359792709350586,0.0006855964362165292,0.00107421875,0.00013342288831778365,,entropy,6,log2,best,"{'class_weight': None, 'criterion': 'entropy', 'max_depth': 6, 'max_features': 'log2', 'splitter': 'best'}",0.26143790849673204,0.3562091503267974,0.22875816993464052,0.2647058823529412,0.25573770491803277,0.2733697632058288,0.04331484683216113,107
0.001799774169921875,0.0005329454157291312,0.0016182422637939452,0.0007543369820000946,,entropy,6,log2,random,"{'class_weight': None, 'criterion': 'entropy', 'max_depth': 6, 'max_features': 'log2', 'splitter': 'random'}",0.14052287581699346,0.21568627450980393,0.16993464052287582,0.16666666666666666,0.17704918032786884,0.17397192756884175,0.024240717035154295,185
0.020795774459838868,0.0007641476720218237,0.0016795635223388673,0.00041341329525914304,,entropy,8,,best,"{'class_weight': None, 'criterion': 'entropy', 'max_depth': 8, 'max_features': None, 'splitter': 'best'}",0.8725490196078431,0.9084967320261438,0.8986928104575164,0.869281045751634,0.9016393442622951,0.8901317904210865,0.016043025415247436,9
0.004797220230102539,0.0006626184465466232,0.0013126850128173829,0.00041035912680971947,,entropy,8,,random,"{'class_weight': None, 'criterion': 'entropy', 'max_depth': 8, 'max_features': None, 'splitter': 'random'}",0.35294117647058826,0.6601307189542484,0.45098039215686275,0.4444444444444444,0.36065573770491804,0.45383049394621233,0.1109199652228105,48
0.006429910659790039,0.00037234418097616215,0.0015073776245117187,0.0004372556856778453,,entropy,8,sqrt,best,"{'class_weight': None, 'criterion': 'entropy', 'max_depth': 8, 'max_features': 'sqrt', 'splitter': 'best'}",0.3627450980392157,0.24509803921568626,0.29411764705882354,0.2679738562091503,0.30491803278688523,0.29497053466195217,0.03977224667204409,96
0.0023485660552978516,0.0003868604461533422,0.0013885974884033203,0.00036195406163539725,,entropy,8,sqrt,random,"{'class_weight': None, 'criterion': 'entropy', 'max_depth': 8, 'max_features': 'sqrt', 'splitter': 'random'}",0.22875816993464052,0.16993464052287582,0.20261437908496732,0.1830065359477124,0.19344262295081968,0.1955512696882032,0.01985252711270927,164
0.006650209426879883,0.0004789478555945335,0.0016270160675048828,0.0004830403106515838,,entropy,8,log2,best,"{'class_weight': None, 'criterion': 'entropy', 'max_depth': 8, 'max_features': 'log2', 'splitter': 'best'}",0.2777777777777778,0.38235294117647056,0.4673202614379085,0.20261437908496732,0.24918032786885247,0.3158491374691953,0.09600263164361238,91
0.002000904083251953,3.8467077449034154e-05,0.001420736312866211,0.0005181449563237122,,entropy,8,log2,random,"{'class_weight': None, 'criterion': 'entropy', 'max_depth': 8, 'max_features': 'log2', 'splitter': 'random'}",0.3104575163398693,0.17320261437908496,0.26143790849673204,0.20261437908496732,0.24918032786885247,0.2393785492339012,0.04767760128403098,134
0.02248992919921875,0.0002642344655738189,0.0016494274139404296,0.00041074359224097553,,entropy,10,,best,"{'class_weight': None, 'criterion': 'entropy', 'max_depth': 10, 'max_features': None, 'splitter': 'best'}",0.8888888888888888,0.9052287581699346,0.9248366013071896,0.8725490196078431,0.898360655737705,0.8979727847423122,0.017339834095003892,3
0.005551671981811524,0.0008620566421711105,0.0017807483673095703,0.0004802960354119328,,entropy,10,,random,"{'class_weight': None, 'criterion': 'entropy', 'max_depth': 10, 'max_features': None, 'splitter': 'random'}",0.5588235294117647,0.5294117647058824,0.8104575163398693,0.6699346405228758,0.6196721311475409,0.6376599164255866,0.09915348409312397,33
0.007762432098388672,0.000815144202994428,0.001593780517578125,0.000490144841768218,,entropy,10,sqrt,best,"{'class_weight': None, 'criterion': 'entropy', 'max_depth': 10, 'max_features': 'sqrt', 'splitter': 'best'}",0.22549019607843138,0.30718954248366015,0.4117647058823529,0.27450980392156865,0.26229508196721313,0.2962498660666453,0.06339691364713171,95
0.002232217788696289,0.0002801959655076139,0.0017063140869140625,0.0003871157294330077,,entropy,10,sqrt,random,"{'class_weight': None, 'criterion': 'entropy', 'max_depth': 10, 'max_features': 'sqrt', 'splitter': 'random'}",0.13398692810457516,0.19934640522875818,0.21241830065359477,0.17647058823529413,0.2262295081967213,0.1896903460837887,0.03231885683991094,169
0.008140468597412109,0.0006804627742067231,0.0013111114501953125,0.0003999569382873726,,entropy,10,log2,best,"{'class_weight': None, 'criterion': 'entropy', 'max_depth': 10, 'max_features': 'log2', 'splitter': 'best'}",0.3660130718954248,0.2777777777777778,0.23529411764705882,0.20588235294117646,0.21311475409836064,0.2596164148719597,0.05880716238171375,118
0.002728700637817383,0.00021619877733062944,0.0016033172607421875,0.000580035926606455,,entropy,10,log2,random,"{'class_weight': None, 'criterion': 'entropy', 'max_depth': 10, 'max_features': 'log2', 'splitter': 'random'}",0.16993464052287582,0.3333333333333333,0.23202614379084968,0.1895424836601307,0.2721311475409836,0.23939354976963462,0.05875437137897576,133
0.023072576522827147,0.0008237856961844233,0.001619100570678711,0.0003550430665855617,,log_loss,,,best,"{'class_weight': None, 'criterion': 'log_loss', 'max_depth': None, 'max_features': None, 'splitter': 'best'}",0.8823529411764706,0.9052287581699346,0.9313725490196079,0.8823529411764706,0.9016393442622951,0.9005893067609557,0.01808516049996434,2
0.007543611526489258,0.0011262178640577382,0.0013072490692138672,0.0004025351573295498,,log_loss,,,random,"{'class_weight': None, 'criterion': 'log_loss', 'max_depth': None, 'max_features': None, 'splitter': 'random'}",0.6568627450980392,0.8137254901960784,0.6372549019607843,0.7352941176470589,0.8262295081967214,0.7338733526197364,0.07768371850050874,24
0.009664630889892578,0.0006286122861639278,0.0013040542602539063,0.0005791647242234576,,log_loss,,sqrt,best,"{'class_weight': None, 'criterion': 'log_loss', 'max_depth': None, 'max_features': 'sqrt', 'splitter': 'best'}",0.4117647058823529,0.3954248366013072,0.3562091503267974,0.4738562091503268,0.28852459016393445,0.38515589842494374,0.061411316237395035,57
0.0050018310546875,0.0003434723091224622,0.0011962413787841796,0.00039978052937339286,,log_loss,,sqrt,random,"{'class_weight': None, 'criterion': 'log_loss', 'max_depth': None, 'max_features': 'sqrt', 'splitter': 'random'}",0.24509803921568626,0.2647058823529412,0.22549019607843138,0.21568627450980393,0.25573770491803277,0.2413436194149791,0.018312351428271315,132
0.009891557693481445,0.0006778912053069702,0.0012202262878417969,0.0002752510021459263,,log_loss,,log2,best,"{'class_weight': None, 'criterion': 'log_loss', 'max_depth': None, 'max_features': 'log2', 'splitter': 'best'}",0.49019607843137253,0.32679738562091504,0.4477124183006536,0.3660130718954248,0.3639344262295082,0.3989306760955748,0.06036646387149962,54
0.004968500137329102,0.0006155157220556352,0.0015096664428710938,0.00045133252902899453,,log_loss,,log2,random,"{'class_weight': None, 'criterion': 'log_loss', 'max_depth': None, 'max_features': 'log2', 'splitter': 'random'}",0.3464052287581699,0.20588235294117646,0.35294117647058826,0.20261437908496732,0.21639344262295082,0.26484731597557054,0.0694403406341281,112
0.006821489334106446,0.0003874843002094532,0.001755523681640625,0.0007118352706670984,,log_loss,2,,best,"{'class_weight': None, 'criterion': 'log_loss', 'max_depth': 2, 'max_features': None, 'splitter': 'best'}",0.369281045751634,0.3235294117647059,0.3235294117647059,0.3137254901960784,0.34098360655737703,0.33420979320690025,0.01961440831482966,79
0.001785612106323242,0.000279285546670457,0.0015200138092041015,0.0004589620589778361,,log_loss,2,,random,"{'class_weight': None, 'criterion': 'log_loss', 'max_depth': 2, 'max_features': None, 'splitter': 'random'}",0.1830065359477124,0.17320261437908496,0.21241830065359477,0.16993464052287582,0.24262295081967214,0.19623700846458803,0.027607727680207462,161
0.002534961700439453,0.0004597668626992908,0.0012903213500976562,0.000414631913178689,,log_loss,2,sqrt,best,"{'class_weight': None, 'criterion': 'log_loss', 'max_depth': 2, 'max_features': 'sqrt', 'splitter': 'best'}",0.14705882352941177,0.18627450980392157,0.16666666666666666,0.15359477124183007,0.13114754098360656,0.15694846244508734,0.018596775515210478,197
0.002100419998168945,0.0006710492479397604,0.0012300491333007812,0.00042699803448501694,,log_loss,2,sqrt,random,"{'class_weight': None, 'criterion': 'log_loss', 'max_depth': 2, 'max_features': 'sqrt', 'splitter': 'random'}",0.14705882352941177,0.14052287581699346,0.11437908496732026,0.13725490196078433,0.14754098360655737,0.13735133397621344,0.012131418007163343,212
0.0029184818267822266,0.0004981238468803576,0.0014027595520019532,0.00047854103840763045,,log_loss,2,log2,best,"{'class_weight': None, 'criterion': 'log_loss', 'max_depth': 2, 'max_features': 'log2', 'splitter': 'best'}",0.20915032679738563,0.19281045751633988,0.17973856209150327,0.16993464052287582,0.1737704918032787,0.18508089574627667,0.014317530861195422,172
0.002118825912475586,0.0005669802147748721,0.0011275291442871093,0.00022381343440643254,,log_loss,2,log2,random,"{'class_weight': None, 'criterion': 'log_loss', 'max_depth': 2, 'max_features': 'log2', 'splitter': 'random'}",0.1568627450980392,0.1503267973856209,0.16666666666666666,0.09477124183006536,0.09836065573770492,0.1333976213436194,0.0305405453918997,213
0.01400151252746582,0.0004905398989532377,0.0008634090423583985,0.0005861182108008578,,log_loss,4,,best,"{'class_weight': None, 'criterion': 'log_loss', 'max_depth': 4, 'max_features': None, 'splitter': 'best'}",0.5326797385620915,0.630718954248366,0.6372549019607843,0.5784313725490197,0.5540983606557377,0.5866366655951998,0.041334905643599894,38
0.0023468494415283202,0.00038404316708867084,0.0014033794403076171,0.0003759406775334402,,log_loss,4,,random,"{'class_weight': None, 'criterion': 'log_loss', 'max_depth': 4, 'max_features': None, 'splitter': 'random'}",0.22549019607843138,0.2679738562091503,0.3137254901960784,0.19934640522875818,0.3016393442622951,0.26163505839494267,0.043681263067479666,115
0.00432882308959961,0.0006407164671387494,0.0014148712158203124,0.0005109307947305195,,log_loss,4,sqrt,best,"{'class_weight': None, 'criterion': 'log_loss', 'max_depth': 4, 'max_features': 'sqrt', 'splitter': 'best'}",0.19281045751633988,0.25163398692810457,0.3954248366013072,0.2973856209150327,0.19344262295081968,0.2661395049823208,0.07558228978550864,111
0.001713132858276367,0.0003970259287531251,0.0011157512664794922,0.0006687680225632109,,log_loss,4,sqrt,random,"{'class_weight': None, 'criterion': 'log_loss', 'max_depth': 4, 'max_features': 'sqrt', 'splitter': 'random'}",0.1437908496732026,0.18627450980392157,0.16013071895424835,0.1895424836601307,0.14426229508196722,0.1648001714346941,0.019790548123192468,192
0.003614950180053711,0.000558083890936507,0.0011175155639648437,0.00020929307954115628,,log_loss,4,log2,best,"{'class_weight': None, 'criterion': 'log_loss', 'max_depth': 4, 'max_features': 'log2', 'splitter': 'best'}",0.20588235294117646,0.29411764705882354,0.21895424836601307,0.1895424836601307,0.3114754098360656,0.24399442837244187,0.04921498776218923,128
0.0016300201416015625,0.0003664059479864607,0.0016443729400634766,0.0005332816395918959,,log_loss,4,log2,random,"{'class_weight': None, 'criterion': 'log_loss', 'max_depth': 4, 'max_features': 'log2', 'splitter': 'random'}",0.1568627450980392,0.16013071895424835,0.16013071895424835,0.11764705882352941,0.14754098360655737,0.14846244508732456,0.01608290640515276,203
0.018665647506713866,0.00047210778932610983,0.0013269424438476563,0.0004174324809851533,,log_loss,6,,best,"{'class_weight': None, 'criterion': 'log_loss', 'max_depth': 6, 'max_features': None, 'splitter': 'best'}",0.7647058823529411,0.826797385620915,0.8398692810457516,0.7516339869281046,0.7868852459016393,0.7939783563698704,0.03430248161050569,20
0.0040816783905029295,0.0006668857282446252,0.0014266490936279297,0.0006364678956262731,,log_loss,6,,random,"{'class_weight': None, 'criterion': 'log_loss', 'max_depth': 6, 'max_features': None, 'splitter': 'random'}",0.2777777777777778,0.3137254901960784,0.34967320261437906,0.46078431372549017,0.4098360655737705,0.3623593699774992,0.06575978257344674,65
0.005187845230102539,0.0006820636707535003,0.0013027667999267578,0.0004045032518918496,,log_loss,6,sqrt,best,"{'class_weight': None, 'criterion': 'log_loss', 'max_depth': 6, 'max_features': 'sqrt', 'splitter': 'best'}",0.24509803921568626,0.30392156862745096,0.2647058823529412,0.2777777777777778,0.22950819672131148,0.2642022929390336,0.02581015720528593,113
0.002179384231567383,0.00022346031095228655,0.0013010978698730468,0.0004035537523808513,,log_loss,6,sqrt,random,"{'class_weight': None, 'criterion': 'log_loss', 'max_depth': 6, 'max_features': 'sqrt', 'splitter': 'random'}",0.2222222222222222,0.16339869281045752,0.17320261437908496,0.1830065359477124,0.15737704918032788,0.179841422907961,0.022913905515155136,180
0.004997825622558594,0.0006291794586784782,0.0013516902923583984,0.00036883933969587704,,log_loss,6,log2,best,"{'class_weight': None, 'criterion': 'log_loss', 'max_depth': 6, 'max_features': 'log2', 'splitter': 'best'}",0.24183006535947713,0.2777777777777778,0.2679738562091503,0.2679738562091503,0.26229508196721313,0.2635701275045538,0.011957416296907159,114
0.0020872116088867187,0.0005115933093117772,0.0011026859283447266,0.00020061010183360822,,log_loss,6,log2,random,"{'class_weight': None, 'criterion': 'log_loss', 'max_depth': 6, 'max_features': 'log2', 'splitter': 'random'}",0.19281045751633988,0.1895424836601307,0.1895424836601307,0.16993464052287582,0.19672131147540983,0.1877102753669774,0.009272516360449158,171
0.021010494232177733,0.0008941224349665288,0.0015036106109619141,0.0003155045801493109,,log_loss,8,,best,"{'class_weight': None, 'criterion': 'log_loss', 'max_depth': 8, 'max_features': None, 'splitter': 'best'}",0.8790849673202614,0.8986928104575164,0.8921568627450981,0.8594771241830066,0.9016393442622951,0.8862102217936355,0.01545744569894978,11
0.004582262039184571,0.00038113369446494364,0.0012745857238769531,0.0004212921192811323,,log_loss,8,,random,"{'class_weight': None, 'criterion': 'log_loss', 'max_depth': 8, 'max_features': None, 'splitter': 'random'}",0.6013071895424836,0.6372549019607843,0.7352941176470589,0.6601307189542484,0.46885245901639344,0.6205678774241937,0.08762913635751765,35
0.006867313385009765,0.00045908061967328724,0.0012001991271972656,0.0007494910161643447,,log_loss,8,sqrt,best,"{'class_weight': None, 'criterion': 'log_loss', 'max_depth': 8, 'max_features': 'sqrt', 'splitter': 'best'}",0.3235294117647059,0.34967320261437906,0.25163398692810457,0.40522875816993464,0.2983606557377049,0.3256852030429659,0.0512590718121934,85
0.0022031307220458985,0.00039950171805233615,0.001268291473388672,0.000639584163486612,,log_loss,8,sqrt,random,"{'class_weight': None, 'criterion': 'log_loss', 'max_depth': 8, 'max_features': 'sqrt', 'splitter': 'random'}",0.1830065359477124,0.14052287581699346,0.19934640522875818,0.18627450980392157,0.16393442622950818,0.17461695060537874,0.020466323643344893,184
0.006445980072021485,0.0006462233722385668,0.001601839065551758,0.00037176123957618134,,log_loss,8,log2,best,"{'class_weight': None, 'criterion': 'log_loss', 'max_depth': 8, 'max_features': 'log2', 'splitter': 'best'}",0.43790849673202614,0.31699346405228757,0.3758169934640523,0.24836601307189543,0.4852459016393443,0.3728661737919211,0.08425017988610448,61
0.002129220962524414,0.00022062006759025093,0.001605653762817383,0.000376902104256283,,log_loss,8,log2,random,"{'class_weight': None, 'criterion': 'log_loss', 'max_depth': 8, 'max_features': 'log2', 'splitter': 'random'}",0.21895424836601307,0.16339869281045752,0.20915032679738563,0.21241830065359477,0.2262295081967213,0.20603021536483448,0.02210444074947942,151
0.022032976150512695,0.0008744011058554994,0.0017264366149902343,0.0006252380643022516,,log_loss,10,,best,"{'class_weight': None, 'criterion': 'log_loss', 'max_depth': 10, 'max_features': None, 'splitter': 'best'}",0.8790849673202614,0.9019607843137255,0.9150326797385621,0.8823529411764706,0.9081967213114754,0.897325618772099,0.01421343081637939,4
0.0063609123229980465,0.0005191159637680828,0.0012007713317871093,0.00039732799491349306,,log_loss,10,,random,"{'class_weight': None, 'criterion': 'log_loss', 'max_depth': 10, 'max_features': None, 'splitter': 'random'}",0.5784313725490197,0.545751633986928,0.5392156862745098,0.6797385620915033,0.6,0.5886274509803922,0.05062487062440719,37
0.008333110809326172,0.0006362030020063017,0.0011975765228271484,0.00039887435409171316,,log_loss,10,sqrt,best,"{'class_weight': None, 'criterion': 'log_loss', 'max_depth': 10, 'max_features': 'sqrt', 'splitter': 'best'}",0.31699346405228757,0.3104575163398693,0.369281045751634,0.2222222222222222,0.31475409836065577,0.3067416693453338,0.04740847260904163,93
0.0026105403900146484,0.0008214358534735754,0.001398754119873047,0.000490418414595414,,log_loss,10,sqrt,random,"{'class_weight': None, 'criterion': 'log_loss', 'max_depth': 10, 'max_features': 'sqrt', 'splitter': 'random'}",0.19281045751633988,0.17973856209150327,0.238562091503268,0.17320261437908496,0.18688524590163935,0.1942397942783671,0.0231233522212912,166
0.007987785339355468,0.0002827570127828635,0.0015964984893798828,0.0004884608551226126,,log_loss,10,log2,best,"{'class_weight': None, 'criterion': 'log_loss', 'max_depth': 10, 'max_features': 'log2', 'splitter': 'best'}",0.27450980392156865,0.29411764705882354,0.3431372549019608,0.2581699346405229,0.5180327868852459,0.3375934854816244,0.09462227507765585,77
0.002496623992919922,0.00044362461406038337,0.001398754119873047,0.0007976004046241492,,log_loss,10,log2,random,"{'class_weight': None, 'criterion': 'log_loss', 'max_depth': 10, 'max_features': 'log2', 'splitter': 'random'}",0.21568627450980393,0.20261437908496732,0.13398692810457516,0.19607843137254902,0.14754098360655737,0.17918139933569055,0.03228273929032272,182
0.021782732009887694,0.00048780160681252156,0.0013983726501464843,0.000373566670876503,balanced,gini,,,best,"{'class_weight': 'balanced', 'criterion': 'gini', 'max_depth': None, 'max_features': None, 'splitter': 'best'}",0.8856209150326797,0.8986928104575164,0.8986928104575164,0.8202614379084967,0.8918032786885246,0.8790142505089467,0.029777816204919007,13
0.00887746810913086,0.0015126731962902895,0.0012886524200439453,0.00039402924349823644,balanced,gini,,,random,"{'class_weight': 'balanced', 'criterion': 'gini', 'max_depth': None, 'max_features': None, 'splitter': 'random'}",0.7777777777777778,0.7091503267973857,0.5228758169934641,0.6274509803921569,0.5540983606557377,0.6382706525233044,0.09487272981441025,32
0.009065723419189453,0.0007499365445235582,0.0012984752655029296,0.0005968201460436982,balanced,gini,,sqrt,best,"{'class_weight': 'balanced', 'criterion': 'gini', 'max_depth': None, 'max_features': 'sqrt', 'splitter': 'best'}",0.3464052287581699,0.3627450980392157,0.2908496732026144,0.2647058823529412,0.22295081967213115,0.29753134040501444,0.05162538250366603,94
0.005193138122558593,0.00024126813318489258,0.0012037277221679688,0.0004080889963808765,balanced,gini,,sqrt,random,"{'class_weight': 'balanced', 'criterion': 'gini', 'max_depth': None, 'max_features': 'sqrt', 'splitter': 'random'}",0.27124183006535946,0.20588235294117646,0.26143790849673204,0.3104575163398693,0.32786885245901637,0.2753776920604307,0.04248986013394613,104
0.009263038635253906,0.001083425525663423,0.001401662826538086,0.0004850806311196903,balanced,gini,,log2,best,"{'class_weight': 'balanced', 'criterion': 'gini', 'max_depth': None, 'max_features': 'log2', 'splitter': 'best'}",0.2875816993464052,0.40522875816993464,0.35294117647058826,0.30718954248366015,0.28524590163934427,0.3276374156219865,0.04578277652446991,84
0.005656766891479492,0.00040622709883088857,0.001100444793701172,0.000203659857649549,balanced,gini,,log2,random,"{'class_weight': 'balanced', 'criterion': 'gini', 'max_depth': None, 'max_features': 'log2', 'splitter': 'random'}",0.22875816993464052,0.3464052287581699,0.2647058823529412,0.3104575163398693,0.22295081967213115,0.27465552341155036,0.04755784208125261,105
0.005894279479980469,0.0003734684878132679,0.0012651443481445312,0.0003418627996283187,balanced,gini,2,,best,"{'class_weight': 'balanced', 'criterion': 'gini', 'max_depth': 2, 'max_features': None, 'splitter': 'best'}",0.3300653594771242,0.3235294117647059,0.3235294117647059,0.3300653594771242,0.33114754098360655,0.32766741669345334,0.0034016964545093872,83
0.0024888992309570314,0.0004424570269439918,0.0012015819549560547,0.0003967900469178638,balanced,gini,2,,random,"{'class_weight': 'balanced', 'criterion': 'gini', 'max_depth': 2, 'max_features': None, 'splitter': 'random'}",0.16666666666666666,0.16339869281045752,0.2222222222222222,0.17647058823529413,0.1901639344262295,0.183784420872174,0.02135532875560034,175
0.003048563003540039,0.0006549295894490092,0.0011973381042480469,0.0004003048085115577,balanced,gini,2,sqrt,best,"{'class_weight': 'balanced', 'criterion': 'gini', 'max_depth': 2, 'max_features': 'sqrt', 'splitter': 'best'}",0.24509803921568626,0.19281045751633988,0.14705882352941177,0.1895424836601307,0.14426229508196722,0.18375441980070717,0.036836796401923846,176
0.0021858692169189455,0.0002350045577938156,0.0011035442352294923,0.0004963620726268714,balanced,gini,2,sqrt,random,"{'class_weight': 'balanced', 'criterion': 'gini', 'max_depth': 2, 'max_features': 'sqrt', 'splitter': 'random'}",0.11437908496732026,0.12091503267973856,0.11764705882352941,0.1437908496732026,0.14426229508196722,0.12819886424515162,0.013088352983127964,215
0.0024776458740234375,0.00046358276752197277,0.0015979290008544921,0.0004891532463542571,balanced,gini,2,log2,best,"{'class_weight': 'balanced', 'criterion': 'gini', 'max_depth': 2, 'max_features': 'log2', 'splitter': 'best'}",0.16013071895424835,0.23529411764705882,0.21568627450980393,0.17320261437908496,0.1737704918032787,0.19161684345869498,0.028761063707603902,168
0.002174234390258789,0.0005050454610963174,0.0013035774230957032,0.0004087212309218732,balanced,gini,2,log2,random,"{'class_weight': 'balanced', 'criterion': 'gini', 'max_depth': 2, 'max_features': 'log2', 'splitter': 'random'}",0.1568627450980392,0.12091503267973856,0.15359477124183007,0.16013071895424835,0.1737704918032787,0.15305475195542698,0.017475498128157647,198
0.010938787460327148,0.00037752112389216966,0.0011499881744384765,0.0003035784282622866,balanced,gini,4,,best,"{'class_weight': 'balanced', 'criterion': 'gini', 'max_depth': 4, 'max_features': None, 'splitter': 'best'}",0.545751633986928,0.5228758169934641,0.5,0.49019607843137253,0.5245901639344263,0.5166827386692382,0.019625183864145433,44
0.0029708385467529298,0.0005913622588558076,0.001504230499267578,0.0004527539915541997,balanced,gini,4,,random,"{'class_weight': 'balanced', 'criterion': 'gini', 'max_depth': 4, 'max_features': None, 'splitter': 'random'}",0.22875816993464052,0.3627450980392157,0.238562091503268,0.20915032679738563,0.24918032786885247,0.25767920282867246,0.05416274570204338,120
0.0031078338623046877,0.0004857645331352278,0.0012048244476318359,0.0007547905308018893,balanced,gini,4,sqrt,best,"{'class_weight': 'balanced', 'criterion': 'gini', 'max_depth': 4, 'max_features': 'sqrt', 'splitter': 'best'}",0.1895424836601307,0.19607843137254902,0.21241830065359477,0.18627450980392157,0.16065573770491803,0.18899389263902283,0.01679071529197959,170
0.002710771560668945,0.0003994460747406909,0.0008654117584228516,0.00026402484214495297,balanced,gini,4,sqrt,random,"{'class_weight': 'balanced', 'criterion': 'gini', 'max_depth': 4, 'max_features': 'sqrt', 'splitter': 'random'}",0.16993464052287582,0.13725490196078433,0.15359477124183007,0.16339869281045752,0.14098360655737704,0.15303332261866495,0.012550417413642056,199
0.004088973999023438,0.0007989918568029122,0.0016479969024658203,0.00037619153060666435,balanced,gini,4,log2,best,"{'class_weight': 'balanced', 'criterion': 'gini', 'max_depth': 4, 'max_features': 'log2', 'splitter': 'best'}",0.31699346405228757,0.19281045751633988,0.35294117647058826,0.24836601307189543,0.22295081967213115,0.26681238615664843,0.0594587255777548,110
0.0023041725158691405,0.0007519877340856366,0.0012392044067382813,0.000302097644220233,balanced,gini,4,log2,random,"{'class_weight': 'balanced', 'criterion': 'gini', 'max_depth': 4, 'max_features': 'log2', 'splitter': 'random'}",0.16339869281045752,0.14052287581699346,0.13071895424836602,0.11437908496732026,0.14426229508196722,0.1386563805850209,0.01612130215223379,211
0.01533803939819336,0.00035396873904738787,0.001498842239379883,0.0004461882420419389,balanced,gini,6,,best,"{'class_weight': 'balanced', 'criterion': 'gini', 'max_depth': 6, 'max_features': None, 'splitter': 'best'}",0.6928104575163399,0.7418300653594772,0.7777777777777778,0.6699346405228758,0.7278688524590164,0.7220443587270975,0.03768728333159137,25
0.003602933883666992,0.0006514784842592621,0.0012713432312011718,0.00039016355396982705,balanced,gini,6,,random,"{'class_weight': 'balanced', 'criterion': 'gini', 'max_depth': 6, 'max_features': None, 'splitter': 'random'}",0.3137254901960784,0.41830065359477125,0.434640522875817,0.2973856209150327,0.4098360655737705,0.374777670631094,0.05731282627128027,60
0.004461956024169922,0.0005750788462556998,0.0013980865478515625,0.0004903151436008171,balanced,gini,6,sqrt,best,"{'class_weight': 'balanced', 'criterion': 'gini', 'max_depth': 6, 'max_features': 'sqrt', 'splitter': 'best'}",0.32679738562091504,0.20588235294117646,0.2973856209150327,0.3137254901960784,0.21311475409836064,0.27138112075431264,0.0514301470581604,108
0.0025410175323486326,0.00032429846923253,0.0010992527008056641,0.00020413401527288755,balanced,gini,6,sqrt,random,"{'class_weight': 'balanced', 'criterion': 'gini', 'max_depth': 6, 'max_features': 'sqrt', 'splitter': 'random'}",0.20915032679738563,0.1568627450980392,0.15359477124183007,0.1568627450980392,0.13442622950819672,0.16217936354869816,0.024926836647093834,193
0.004400491714477539,0.0004941425992379452,0.0011452198028564452,0.00020036675826746048,balanced,gini,6,log2,best,"{'class_weight': 'balanced', 'criterion': 'gini', 'max_depth': 6, 'max_features': 'log2', 'splitter': 'best'}",0.35294117647058826,0.3333333333333333,0.21895424836601307,0.35294117647058826,0.3442622950819672,0.320486445944498,0.05127521765911458,88
0.0019994258880615236,9.991303141562496e-06,0.0012729644775390625,0.00039535918297289624,balanced,gini,6,log2,random,"{'class_weight': 'balanced', 'criterion': 'gini', 'max_depth': 6, 'max_features': 'log2', 'splitter': 'random'}",0.17973856209150327,0.23529411764705882,0.2222222222222222,0.17320261437908496,0.2,0.20209150326797384,0.02385898452832568,156
0.018767023086547853,0.000791241036988561,0.0015940189361572266,0.00048616550693338534,balanced,gini,8,,best,"{'class_weight': 'balanced', 'criterion': 'gini', 'max_depth': 8, 'max_features': None, 'splitter': 'best'}",0.8529411764705882,0.7908496732026143,0.869281045751634,0.7549019607843137,0.8852459016393442,0.8306439515696988,0.04958184747546827,18
0.005216121673583984,0.000835234600514688,0.0011548995971679688,0.00020357652080492462,balanced,gini,8,,random,"{'class_weight': 'balanced', 'criterion': 'gini', 'max_depth': 8, 'max_features': None, 'splitter': 'random'}",0.5294117647058824,0.6339869281045751,0.40522875816993464,0.5228758169934641,0.7049180327868853,0.5592842601521483,0.10270416032416112,42
0.005484724044799804,0.0004439194294305264,0.0013562679290771485,0.0003720358131773096,balanced,gini,8,sqrt,best,"{'class_weight': 'balanced', 'criterion': 'gini', 'max_depth': 8, 'max_features': 'sqrt', 'splitter': 'best'}",0.30392156862745096,0.5359477124183006,0.3464052287581699,0.30718954248366015,0.3377049180327869,0.3662337940640737,0.0864626161255833,64
0.002496814727783203,0.00044804923613863285,0.0016042709350585938,0.0004956185737075789,balanced,gini,8,sqrt,random,"{'class_weight': 'balanced', 'criterion': 'gini', 'max_depth': 8, 'max_features': 'sqrt', 'splitter': 'random'}",0.17647058823529413,0.238562091503268,0.17973856209150327,0.28104575163398693,0.20655737704918034,0.21647487410264654,0.039256845653750906,143
0.005777549743652344,0.0007702434231506123,0.0010638713836669921,0.00012601637849270035,balanced,gini,8,log2,best,"{'class_weight': 'balanced', 'criterion': 'gini', 'max_depth': 8, 'max_features': 'log2', 'splitter': 'best'}",0.3366013071895425,0.4215686274509804,0.434640522875817,0.23529411764705882,0.3344262295081967,0.3525061609343191,0.07188071935852136,68
0.002431774139404297,0.0004614193697640369,0.0011011123657226562,0.00020168309990074184,balanced,gini,8,log2,random,"{'class_weight': 'balanced', 'criterion': 'gini', 'max_depth': 8, 'max_features': 'log2', 'splitter': 'random'}",0.22875816993464052,0.17647058823529413,0.19281045751633988,0.20261437908496732,0.18032786885245902,0.19619629272474018,0.01872881124798762,163
0.020619678497314452,0.0004922191933133537,0.0016997337341308593,0.0003990537447208332,balanced,gini,10,,best,"{'class_weight': 'balanced', 'criterion': 'gini', 'max_depth': 10, 'max_features': None, 'splitter': 'best'}",0.8790849673202614,0.8660130718954249,0.9052287581699346,0.8169934640522876,0.8918032786885246,0.8718247080252866,0.030357620614846877,14
0.006516313552856446,0.0008803812258945167,0.001199817657470703,0.0003974266111471426,balanced,gini,10,,random,"{'class_weight': 'balanced', 'criterion': 'gini', 'max_depth': 10, 'max_features': None, 'splitter': 'random'}",0.6601307189542484,0.7777777777777778,0.6339869281045751,0.6274509803921569,0.4852459016393443,0.6369184613736205,0.09325550748307083,34
0.006376123428344727,0.0003756923259586716,0.0013981342315673828,0.0004872208448538306,balanced,gini,10,sqrt,best,"{'class_weight': 'balanced', 'criterion': 'gini', 'max_depth': 10, 'max_features': 'sqrt', 'splitter': 'best'}",0.4934640522875817,0.42483660130718953,0.30392156862745096,0.32679738562091504,0.38688524590163936,0.38718097074895536,0.06825310656932108,56
0.00302886962890625,0.0002601836075588979,0.001386737823486328,0.00037482514506853457,balanced,gini,10,sqrt,random,"{'class_weight': 'balanced', 'criterion': 'gini', 'max_depth': 10, 'max_features': 'sqrt', 'splitter': 'random'}",0.20261437908496732,0.21895424836601307,0.3202614379084967,0.1895424836601307,0.1901639344262295,0.2243072966891675,0.04915444319536886,138
0.006869220733642578,0.0006153910911597993,0.0012303829193115235,0.00029593601231422706,balanced,gini,10,log2,best,"{'class_weight': 'balanced', 'criterion': 'gini', 'max_depth': 10, 'max_features': 'log2', 'splitter': 'best'}",0.4019607843137255,0.35947712418300654,0.35294117647058826,0.23529411764705882,0.3770491803278688,0.3453444765884496,0.05758318785879721,71
0.003253793716430664,0.0005927682295703828,0.001213216781616211,0.0005158870913600532,balanced,gini,10,log2,random,"{'class_weight': 'balanced', 'criterion': 'gini', 'max_depth': 10, 'max_features': 'log2', 'splitter': 'random'}",0.27124183006535946,0.19281045751633988,0.18627450980392157,0.13398692810457516,0.2098360655737705,0.1988299582127933,0.0441884731834707,159
0.027243900299072265,0.001085021483557397,0.001601266860961914,0.000492424411713529,balanced,entropy,,,best,"{'class_weight': 'balanced', 'criterion': 'entropy', 'max_depth': None, 'max_features': None, 'splitter': 'best'}",0.8823529411764706,0.9052287581699346,0.9084967320261438,0.8790849673202614,0.8950819672131147,0.8940490731811849,0.011794159916821704,6
0.009074831008911132,0.0008077973112673506,0.001100444793701172,0.0008029200453220682,balanced,entropy,,,random,"{'class_weight': 'balanced', 'criterion': 'entropy', 'max_depth': None, 'max_features': None, 'splitter': 'random'}",0.6503267973856209,0.7712418300653595,0.6928104575163399,0.6143790849673203,0.7311475409836066,0.6919811421836494,0.05581059922115089,28
0.011129426956176757,0.0003829118292207284,0.001500558853149414,0.00044400395418139514,balanced,entropy,,sqrt,best,"{'class_weight': 'balanced', 'criterion': 'entropy', 'max_depth': None, 'max_features': 'sqrt', 'splitter': 'best'}",0.3431372549019608,0.3954248366013072,0.3888888888888889,0.27124183006535946,0.3114754098360656,0.3420336440587164,0.04688824580507394,73
0.005720615386962891,0.0005487732180169007,0.0011013031005859375,0.0002065659670067773,balanced,entropy,,sqrt,random,"{'class_weight': 'balanced', 'criterion': 'entropy', 'max_depth': None, 'max_features': 'sqrt', 'splitter': 'random'}",0.27450980392156865,0.22875816993464052,0.2777777777777778,0.2581699346405229,0.20655737704918034,0.24915461266473807,0.027473575279585837,127
0.011127376556396484,0.000971429759327643,0.0014983177185058593,0.0004460187707286613,balanced,entropy,,log2,best,"{'class_weight': 'balanced', 'criterion': 'entropy', 'max_depth': None, 'max_features': 'log2', 'splitter': 'best'}",0.34967320261437906,0.34967320261437906,0.2875816993464052,0.3954248366013072,0.29180327868852457,0.334831243972999,0.040487223180091396,78
0.00559849739074707,0.0006026982388695717,0.0014987945556640624,0.00044608070530503645,balanced,entropy,,log2,random,"{'class_weight': 'balanced', 'criterion': 'entropy', 'max_depth': None, 'max_features': 'log2', 'splitter': 'random'}",0.24509803921568626,0.24183006535947713,0.3627450980392157,0.19607843137254902,0.26229508196721313,0.2616093431908283,0.055112710948830974,116
0.009101772308349609,0.00015981669527830066,0.0009981632232666016,2.4314019744838644e-07,balanced,entropy,2,,best,"{'class_weight': 'balanced', 'criterion': 'entropy', 'max_depth': 2, 'max_features': None, 'splitter': 'best'}",0.369281045751634,0.3202614379084967,0.34967320261437906,0.3104575163398693,0.34098360655737703,0.3381313618343512,0.020961050079928982,75
0.002435445785522461,0.000537531614618668,0.0018008232116699218,0.00040182358595293926,balanced,entropy,2,,random,"{'class_weight': 'balanced', 'criterion': 'entropy', 'max_depth': 2, 'max_features': None, 'splitter': 'random'}",0.21568627450980393,0.1895424836601307,0.1895424836601307,0.1830065359477124,0.2262295081967213,0.2008014571948998,0.016960729680978753,158
0.0031157493591308593,0.0005822067782937933,0.0015003204345703125,0.00031027517248608574,balanced,entropy,2,sqrt,best,"{'class_weight': 'balanced', 'criterion': 'entropy', 'max_depth': 2, 'max_features': 'sqrt', 'splitter': 'best'}",0.1830065359477124,0.19281045751633988,0.24509803921568626,0.1830065359477124,0.25245901639344265,0.21127611700417873,0.030916897097621403,146
0.002090740203857422,0.00018506739981220978,0.0013979434967041015,0.0004905898172146902,balanced,entropy,2,sqrt,random,"{'class_weight': 'balanced', 'criterion': 'entropy', 'max_depth': 2, 'max_features': 'sqrt', 'splitter': 'random'}",0.1111111111111111,0.13071895424836602,0.11764705882352941,0.1503267973856209,0.10819672131147541,0.12360012857602057,0.015451032694843343,216
0.002964305877685547,0.0003787500888586598,0.0010915279388427734,0.0001849945909823103,balanced,entropy,2,log2,best,"{'class_weight': 'balanced', 'criterion': 'entropy', 'max_depth': 2, 'max_features': 'log2', 'splitter': 'best'}",0.17320261437908496,0.1568627450980392,0.15359477124183007,0.1568627450980392,0.1540983606557377,0.1589242472945462,0.007267239449204234,195
0.002202749252319336,0.0004029563746670622,0.0016199588775634766,0.0005099309723628243,balanced,entropy,2,log2,random,"{'class_weight': 'balanced', 'criterion': 'entropy', 'max_depth': 2, 'max_features': 'log2', 'splitter': 'random'}",0.13398692810457516,0.14705882352941177,0.16013071895424835,0.1437908496732026,0.14754098360655737,0.14650166077359902,0.008379843432645546,207
0.015659189224243163,0.0003795565552001286,0.0013680458068847656,0.00037057736522329955,balanced,entropy,4,,best,"{'class_weight': 'balanced', 'criterion': 'entropy', 'max_depth': 4, 'max_features': None, 'splitter': 'best'}",0.5718954248366013,0.6143790849673203,0.5915032679738562,0.5784313725490197,0.5704918032786885,0.5853401907210972,0.016310787891027325,40
0.003103971481323242,0.0005107277013073579,0.0010663986206054688,0.00013806831237664485,balanced,entropy,4,,random,"{'class_weight': 'balanced', 'criterion': 'entropy', 'max_depth': 4, 'max_features': None, 'splitter': 'random'}",0.17647058823529413,0.18627450980392157,0.25163398692810457,0.3300653594771242,0.2721311475409836,0.24331511839708558,0.05682779896834358,129
0.004802846908569336,0.00040515617869404404,0.0010995864868164062,0.00020230150107631212,balanced,entropy,4,sqrt,best,"{'class_weight': 'balanced', 'criterion': 'entropy', 'max_depth': 4, 'max_features': 'sqrt', 'splitter': 'best'}",0.22875816993464052,0.22549019607843138,0.27124183006535946,0.24509803921568626,0.24262295081967214,0.24264223722275796,0.016192145540564057,130
0.002218818664550781,0.0002943491715481639,0.0011002063751220704,0.00020377799838286248,balanced,entropy,4,sqrt,random,"{'class_weight': 'balanced', 'criterion': 'entropy', 'max_depth': 4, 'max_features': 'sqrt', 'splitter': 'random'}",0.1503267973856209,0.17320261437908496,0.1503267973856209,0.18627450980392157,0.1737704918032787,0.1667802421515054,0.014223702864273881,191
0.004486083984375,0.000558354913218433,0.0009007453918457031,0.0004914471920459577,balanced,entropy,4,log2,best,"{'class_weight': 'balanced', 'criterion': 'entropy', 'max_depth': 4, 'max_features': 'log2', 'splitter': 'best'}",0.20915032679738563,0.19607843137254902,0.2679738562091503,0.21895424836601307,0.21311475409836064,0.22105432336869174,0.02463489375887295,140
0.002278041839599609,0.00038268216694006536,0.0013990402221679688,0.0004861121314718574,balanced,entropy,4,log2,random,"{'class_weight': 'balanced', 'criterion': 'entropy', 'max_depth': 4, 'max_features': 'log2', 'splitter': 'random'}",0.17647058823529413,0.16339869281045752,0.20915032679738563,0.16993464052287582,0.13114754098360656,0.17002035786992395,0.025010836164874477,189
0.0223386287689209,0.0008326827771300071,0.0012536048889160156,0.0005096204127479788,balanced,entropy,6,,best,"{'class_weight': 'balanced', 'criterion': 'entropy', 'max_depth': 6, 'max_features': None, 'splitter': 'best'}",0.7516339869281046,0.826797385620915,0.7875816993464052,0.7516339869281046,0.7901639344262295,0.7815621986499518,0.028099260136284453,22
0.00430150032043457,0.00040560822010153293,0.0010892868041992188,0.00018289097750018643,balanced,entropy,6,,random,"{'class_weight': 'balanced', 'criterion': 'entropy', 'max_depth': 6, 'max_features': None, 'splitter': 'random'}",0.4411764705882353,0.3104575163398693,0.39869281045751637,0.4215686274509804,0.4491803278688525,0.40421515054109075,0.050020275336337926,53
0.006134510040283203,0.0001689866083683533,0.0011989593505859375,0.00039831179697516386,balanced,entropy,6,sqrt,best,"{'class_weight': 'balanced', 'criterion': 'entropy', 'max_depth': 6, 'max_features': 'sqrt', 'splitter': 'best'}",0.33986928104575165,0.26143790849673204,0.28431372549019607,0.29411764705882354,0.23934426229508196,0.28381656487731705,0.03384333438362837,100
0.0026012420654296874,0.0004918802744256112,0.0012904167175292968,0.000614263056004353,balanced,entropy,6,sqrt,random,"{'class_weight': 'balanced', 'criterion': 'entropy', 'max_depth': 6, 'max_features': 'sqrt', 'splitter': 'random'}",0.17647058823529413,0.19607843137254902,0.21895424836601307,0.1568627450980392,0.1737704918032787,0.18442730097503485,0.02128163779280744,173
0.006480073928833008,0.0010397219278448664,0.0010132789611816406,0.00029883377476325044,balanced,entropy,6,log2,best,"{'class_weight': 'balanced', 'criterion': 'entropy', 'max_depth': 6, 'max_features': 'log2', 'splitter': 'best'}",0.29411764705882354,0.3137254901960784,0.3104575163398693,0.28104575163398693,0.23934426229508196,0.28773813350476807,0.026903405000704685,99
0.002299642562866211,0.0003982106363803968,0.0013841629028320313,0.000370951868479028,balanced,entropy,6,log2,random,"{'class_weight': 'balanced', 'criterion': 'entropy', 'max_depth': 6, 'max_features': 'log2', 'splitter': 'random'}",0.16339869281045752,0.13725490196078433,0.19281045751633988,0.13398692810457516,0.17049180327868851,0.15958855673416908,0.0218692850259682,194
0.02601461410522461,0.001531415932015501,0.0014018535614013672,0.0004904380721986793,balanced,entropy,8,,best,"{'class_weight': 'balanced', 'criterion': 'entropy', 'max_depth': 8, 'max_features': None, 'splitter': 'best'}",0.8725490196078431,0.9052287581699346,0.9084967320261438,0.8660130718954249,0.8885245901639345,0.8881624343726561,0.016966126279131633,10
0.005478811264038086,0.0003536753115993672,0.0012022972106933594,0.00024921593796101545,balanced,entropy,8,,random,"{'class_weight': 'balanced', 'criterion': 'entropy', 'max_depth': 8, 'max_features': None, 'splitter': 'random'}",0.5032679738562091,0.40522875816993464,0.5784313725490197,0.5032679738562091,0.5049180327868853,0.4990228222436516,0.055088729244448804,46
0.007390832901000977,0.0007081861736327238,0.0015027523040771484,0.0004516803327770625,balanced,entropy,8,sqrt,best,"{'class_weight': 'balanced', 'criterion': 'entropy', 'max_depth': 8, 'max_features': 'sqrt', 'splitter': 'best'}",0.3954248366013072,0.37254901960784315,0.34967320261437906,0.3333333333333333,0.32131147540983607,0.35445837351333975,0.02673351683216247,67
0.0030946254730224608,0.000208534219142603,0.001222372055053711,0.0002750359775041005,balanced,entropy,8,sqrt,random,"{'class_weight': 'balanced', 'criterion': 'entropy', 'max_depth': 8, 'max_features': 'sqrt', 'splitter': 'random'}",0.3660130718954248,0.14052287581699346,0.12745098039215685,0.16339869281045752,0.17704918032786884,0.1948869602485803,0.08728906978700532,165
0.008094167709350586,0.0009175123684450984,0.0013957023620605469,0.0004890063980902336,balanced,entropy,8,log2,best,"{'class_weight': 'balanced', 'criterion': 'entropy', 'max_depth': 8, 'max_features': 'log2', 'splitter': 'best'}",0.3202614379084967,0.3366013071895425,0.39869281045751637,0.27124183006535946,0.29508196721311475,0.32437587056680595,0.04329146900981886,86
0.0030016422271728514,0.000265745048798362,0.0008160114288330078,0.00040906763434489166,balanced,entropy,8,log2,random,"{'class_weight': 'balanced', 'criterion': 'entropy', 'max_depth': 8, 'max_features': 'log2', 'splitter': 'random'}",0.19607843137254902,0.1895424836601307,0.27450980392156865,0.1503267973856209,0.23934426229508196,0.20996035572699023,0.04288543769486672,148
0.02683863639831543,0.0007208012750821056,0.0014115333557128905,0.0005756117906178593,balanced,entropy,10,,best,"{'class_weight': 'balanced', 'criterion': 'entropy', 'max_depth': 10, 'max_features': None, 'splitter': 'best'}",0.869281045751634,0.9117647058823529,0.9019607843137255,0.8790849673202614,0.8918032786885246,0.8907789563912996,0.015266916753694494,8
0.006491374969482422,0.0009814094886391978,0.0013875961303710938,0.0003643831258598335,balanced,entropy,10,,random,"{'class_weight': 'balanced', 'criterion': 'entropy', 'max_depth': 10, 'max_features': None, 'splitter': 'random'}",0.7712418300653595,0.7483660130718954,0.7777777777777778,0.5555555555555556,0.5475409836065573,0.680096432015429,0.10544310447394817,29
0.009509992599487305,0.0016206029597094823,0.0012188434600830078,0.00038806651458660906,balanced,entropy,10,sqrt,best,"{'class_weight': 'balanced', 'criterion': 'entropy', 'max_depth': 10, 'max_features': 'sqrt', 'splitter': 'best'}",0.369281045751634,0.30718954248366015,0.40522875816993464,0.3758169934640523,0.4852459016393443,0.3885524483017251,0.05793310700886713,55
0.003031206130981445,0.0002620650083490783,0.0012997150421142577,0.00039201016234563583,balanced,entropy,10,sqrt,random,"{'class_weight': 'balanced', 'criterion': 'entropy', 'max_depth': 10, 'max_features': 'sqrt', 'splitter': 'random'}",0.27450980392156865,0.21568627450980393,0.13725490196078433,0.238562091503268,0.19344262295081968,0.2118911389692489,0.045951617123491745,145
0.009540414810180664,0.0003184321470050774,0.0014108180999755859,0.0004919354644693859,balanced,entropy,10,log2,best,"{'class_weight': 'balanced', 'criterion': 'entropy', 'max_depth': 10, 'max_features': 'log2', 'splitter': 'best'}",0.5065359477124183,0.2647058823529412,0.38235294117647056,0.28104575163398693,0.4,0.36692810457516334,0.08791721899533322,63
0.0034395694732666016,0.00037531033348141377,0.0012891292572021484,0.0002538662848776492,balanced,entropy,10,log2,random,"{'class_weight': 'balanced', 'criterion': 'entropy', 'max_depth': 10, 'max_features': 'log2', 'splitter': 'random'}",0.21895424836601307,0.21895424836601307,0.19607843137254902,0.21895424836601307,0.2360655737704918,0.21780135004821602,0.0127236361749346,141
0.027332496643066407,0.000653405721214048,0.0017937183380126952,0.0005263301379629068,balanced,log_loss,,,best,"{'class_weight': 'balanced', 'criterion': 'log_loss', 'max_depth': None, 'max_features': None, 'splitter': 'best'}",0.8823529411764706,0.9019607843137255,0.9084967320261438,0.8823529411764706,0.8950819672131147,0.8940490731811849,0.010449841118119337,6
0.009100532531738282,0.0010301259657429461,0.0011670589447021484,0.00023370450225894128,balanced,log_loss,,,random,"{'class_weight': 'balanced', 'criterion': 'log_loss', 'max_depth': None, 'max_features': None, 'splitter': 'random'}",0.7352941176470589,0.7777777777777778,0.7549019607843137,0.38235294117647056,0.819672131147541,0.6939997857066323,0.15833530424342987,27
0.01099710464477539,0.0004086594986541202,0.0014100074768066406,0.00038065809094202266,balanced,log_loss,,sqrt,best,"{'class_weight': 'balanced', 'criterion': 'log_loss', 'max_depth': None, 'max_features': 'sqrt', 'splitter': 'best'}",0.35294117647058826,0.4477124183006536,0.4150326797385621,0.2647058823529412,0.3639344262295082,0.3688653166184507,0.06241052880265541,62
0.005827569961547851,0.00043859560091961177,0.0011174201965332032,0.000475560969612446,balanced,log_loss,,sqrt,random,"{'class_weight': 'balanced', 'criterion': 'log_loss', 'max_depth': None, 'max_features': 'sqrt', 'splitter': 'random'}",0.19934640522875818,0.2222222222222222,0.26143790849673204,0.19607843137254902,0.2459016393442623,0.22499732133290476,0.025561219739909526,137
0.01115102767944336,0.000584504246063446,0.0011780261993408203,0.0007257841566465215,balanced,log_loss,,log2,best,"{'class_weight': 'balanced', 'criterion': 'log_loss', 'max_depth': None, 'max_features': 'log2', 'splitter': 'best'}",0.3137254901960784,0.31699346405228757,0.2973856209150327,0.3333333333333333,0.3377049180327869,0.31982856530590376,0.014497681360388518,89
0.00582733154296875,0.00017609103655852622,0.0013113975524902343,0.00041611403275848926,balanced,log_loss,,log2,random,"{'class_weight': 'balanced', 'criterion': 'log_loss', 'max_depth': None, 'max_features': 'log2', 'splitter': 'random'}",0.2222222222222222,0.20588235294117646,0.23529411764705882,0.21241830065359477,0.3180327868852459,0.23876995606985965,0.04085219573004502,135
0.008612966537475586,0.0002982353828573701,0.0011910438537597657,0.0003856947279186837,balanced,log_loss,2,,best,"{'class_weight': 'balanced', 'criterion': 'log_loss', 'max_depth': 2, 'max_features': None, 'splitter': 'best'}",0.369281045751634,0.3202614379084967,0.34967320261437906,0.3104575163398693,0.34098360655737703,0.3381313618343512,0.020961050079928982,75
0.0023505687713623047,0.00045236923221192275,0.0014050006866455078,0.00036712445002285983,balanced,log_loss,2,,random,"{'class_weight': 'balanced', 'criterion': 'log_loss', 'max_depth': 2, 'max_features': None, 'splitter': 'random'}",0.16666666666666666,0.16993464052287582,0.17647058823529413,0.1830065359477124,0.1737704918032787,0.17396978463516555,0.005613813866398363,186
0.002979564666748047,0.0007118489736082045,0.001566457748413086,0.00048669714097303497,balanced,log_loss,2,sqrt,best,"{'class_weight': 'balanced', 'criterion': 'log_loss', 'max_depth': 2, 'max_features': 'sqrt', 'splitter': 'best'}",0.25163398692810457,0.22549019607843138,0.15359477124183007,0.16993464052287582,0.1901639344262295,0.19816350583949427,0.03592512889540965,160
0.002171039581298828,0.00039678536521301264,0.0015108585357666016,0.0004441466684078887,balanced,log_loss,2,sqrt,random,"{'class_weight': 'balanced', 'criterion': 'log_loss', 'max_depth': 2, 'max_features': 'sqrt', 'splitter': 'random'}",0.13725490196078433,0.1568627450980392,0.11764705882352941,0.14052287581699346,0.15737704918032788,0.14193292617593486,0.014663532548827143,210
0.003479671478271484,0.00048780878033365495,0.0014869213104248048,0.00044784180856578435,balanced,log_loss,2,log2,best,"{'class_weight': 'balanced', 'criterion': 'log_loss', 'max_depth': 2, 'max_features': 'log2', 'splitter': 'best'}",0.16993464052287582,0.22549019607843138,0.1830065359477124,0.17647058823529413,0.20327868852459016,0.1916361298617808,0.020283319033586943,167
0.0024411678314208984,0.0004941460042457382,0.001378488540649414,0.0003723383919258429,balanced,log_loss,2,log2,random,"{'class_weight': 'balanced', 'criterion': 'log_loss', 'max_depth': 2, 'max_features': 'log2', 'splitter': 'random'}",0.11764705882352941,0.13398692810457516,0.16993464052287582,0.08823529411764706,0.1377049180327869,0.12950176792028287,0.026704611992750704,214
0.016337490081787108,0.0005223459669174688,0.0013074398040771485,0.0004022063456707161,balanced,log_loss,4,,best,"{'class_weight': 'balanced', 'criterion': 'log_loss', 'max_depth': 4, 'max_features': None, 'splitter': 'best'}",0.5718954248366013,0.6143790849673203,0.5915032679738562,0.5784313725490197,0.5704918032786885,0.5853401907210972,0.016310787891027325,40
0.002991008758544922,0.00040178165394823403,0.0012128353118896484,0.0002657407963909755,balanced,log_loss,4,,random,"{'class_weight': 'balanced', 'criterion': 'log_loss', 'max_depth': 4, 'max_features': None, 'splitter': 'random'}",0.23529411764705882,0.2647058823529412,0.2679738562091503,0.27450980392156865,0.22295081967213115,0.25308689596057,0.020200640929983863,123
0.0046195507049560545,0.0006368304654094027,0.0013564109802246093,0.00043466113061058754,balanced,log_loss,4,sqrt,best,"{'class_weight': 'balanced', 'criterion': 'log_loss', 'max_depth': 4, 'max_features': 'sqrt', 'splitter': 'best'}",0.32679738562091504,0.25163398692810457,0.24509803921568626,0.16993464052287582,0.21967213114754097,0.24262723668702452,0.05095682642003323,131
0.0022392749786376955,0.00043481555011179565,0.0013993263244628906,0.0003745269612689004,balanced,log_loss,4,sqrt,random,"{'class_weight': 'balanced', 'criterion': 'log_loss', 'max_depth': 4, 'max_features': 'sqrt', 'splitter': 'random'}",0.12745098039215685,0.16013071895424835,0.18627450980392157,0.1111111111111111,0.12786885245901639,0.14256723454409084,0.02702899617891872,209
0.00438084602355957,0.000703020196798207,0.0013229846954345703,0.00039531445440246375,balanced,log_loss,4,log2,best,"{'class_weight': 'balanced', 'criterion': 'log_loss', 'max_depth': 4, 'max_features': 'log2', 'splitter': 'best'}",0.238562091503268,0.20261437908496732,0.19281045751633988,0.22875816993464052,0.31475409836065577,0.23549983927997425,0.042988142281953454,136
0.0025990962982177734,0.00036458111597504277,0.001251363754272461,0.0004863038339820706,balanced,log_loss,4,log2,random,"{'class_weight': 'balanced', 'criterion': 'log_loss', 'max_depth': 4, 'max_features': 'log2', 'splitter': 'random'}",0.21241830065359477,0.12091503267973856,0.17973856209150327,0.18627450980392157,0.15737704918032788,0.1713446908818172,0.030720167407406962,188
0.02320551872253418,0.0009171905038948125,0.0013124465942382813,0.00040750402548191903,balanced,log_loss,6,,best,"{'class_weight': 'balanced', 'criterion': 'log_loss', 'max_depth': 6, 'max_features': None, 'splitter': 'best'}",0.7549019607843137,0.826797385620915,0.7875816993464052,0.7516339869281046,0.7901639344262295,0.7822157934211936,0.02742545021177461,21
0.004030799865722657,0.00047747277811371875,0.0013176918029785157,0.00039890323688878586,balanced,log_loss,6,,random,"{'class_weight': 'balanced', 'criterion': 'log_loss', 'max_depth': 6, 'max_features': None, 'splitter': 'random'}",0.46405228758169936,0.4117647058823529,0.46078431372549017,0.24836601307189543,0.3180327868852459,0.38060002142933674,0.08457603776345513,58
0.005751943588256836,0.0007209155677765482,0.0013822555541992188,0.00037606319865823775,balanced,log_loss,6,sqrt,best,"{'class_weight': 'balanced', 'criterion': 'log_loss', 'max_depth': 6, 'max_features': 'sqrt', 'splitter': 'best'}",0.4019607843137255,0.3562091503267974,0.19934640522875818,0.2581699346405229,0.36721311475409835,0.31657987785278047,0.07560358678470756,90
0.0028038501739501955,0.00038668945807131093,0.0010234355926513673,3.476845967129504e-05,balanced,log_loss,6,sqrt,random,"{'class_weight': 'balanced', 'criterion': 'log_loss', 'max_depth': 6, 'max_features': 'sqrt', 'splitter': 'random'}",0.13398692810457516,0.17647058823529413,0.14705882352941177,0.16339869281045752,0.24262295081967214,0.17270759669988214,0.03780508505540384,187
0.006585550308227539,0.0008866997344743617,0.0010239124298095704,2.0415425283544082e-05,balanced,log_loss,6,log2,best,"{'class_weight': 'balanced', 'criterion': 'log_loss', 'max_depth': 6, 'max_features': 'log2', 'splitter': 'best'}",0.34967320261437906,0.43790849673202614,0.43790849673202614,0.19281045751633988,0.24262295081967214,0.3321847208828887,0.10010731891195027,81
0.002405214309692383,0.0003879364198312683,0.0012984752655029296,0.000393382315113779,balanced,log_loss,6,log2,random,"{'class_weight': 'balanced', 'criterion': 'log_loss', 'max_depth': 6, 'max_features': 'log2', 'splitter': 'random'}",0.23202614379084968,0.17973856209150327,0.19281045751633988,0.17647058823529413,0.1377049180327869,0.18375013393335476,0.03033779488602209,178
0.025744819641113283,0.00041915414523285236,0.0014435291290283204,0.0003664448296658904,balanced,log_loss,8,,best,"{'class_weight': 'balanced', 'criterion': 'log_loss', 'max_depth': 8, 'max_features': None, 'splitter': 'best'}",0.8725490196078431,0.8954248366013072,0.9150326797385621,0.8594771241830066,0.8852459016393442,0.8855459123540126,0.019055988766072708,12
0.0055086612701416016,0.0004792254955434557,0.001285219192504883,0.00037162871019022384,balanced,log_loss,8,,random,"{'class_weight': 'balanced', 'criterion': 'log_loss', 'max_depth': 8, 'max_features': None, 'splitter': 'random'}",0.46078431372549017,0.31699346405228757,0.5915032679738562,0.4084967320261438,0.5475409836065573,0.46506375227686697,0.09791056781243912,47
0.007027244567871094,0.0004295844086388494,0.0018041610717773437,0.0004925399494213383,balanced,log_loss,8,sqrt,best,"{'class_weight': 'balanced', 'criterion': 'log_loss', 'max_depth': 8, 'max_features': 'sqrt', 'splitter': 'best'}",0.34967320261437906,0.2647058823529412,0.3888888888888889,0.18627450980392157,0.22295081967213115,0.2824986606664524,0.07609588068161074,101
0.0030949592590332033,0.0004870134571160038,0.0010217666625976563,3.0172754291374917e-05,balanced,log_loss,8,sqrt,random,"{'class_weight': 'balanced', 'criterion': 'log_loss', 'max_depth': 8, 'max_features': 'sqrt', 'splitter': 'random'}",0.21568627450980393,0.20261437908496732,0.19281045751633988,0.1568627450980392,0.1540983606557377,0.1844144433729776,0.02472981635685172,174
0.007970380783081054,0.0004757654401047552,0.001436328887939453,0.0004872570621365922,balanced,log_loss,8,log2,best,"{'class_weight': 'balanced', 'criterion': 'log_loss', 'max_depth': 8, 'max_features': 'log2', 'splitter': 'best'}",0.37254901960784315,0.28104575163398693,0.3660130718954248,0.3333333333333333,0.40327868852459015,0.35124397299903565,0.041540881572473105,69
0.002982950210571289,0.0006625697628908143,0.0012202739715576171,0.0005137585122306953,balanced,log_loss,8,log2,random,"{'class_weight': 'balanced', 'criterion': 'log_loss', 'max_depth': 8, 'max_features': 'log2', 'splitter': 'random'}",0.23529411764705882,0.16993464052287582,0.2222222222222222,0.16666666666666666,0.2262295081967213,0.20406943105110895,0.029528713508791025,154
0.02679867744445801,0.0008166788825291539,0.0013110637664794922,0.0004070345776209051,balanced,log_loss,10,,best,"{'class_weight': 'balanced', 'criterion': 'log_loss', 'max_depth': 10, 'max_features': None, 'splitter': 'best'}",0.8790849673202614,0.9150326797385621,0.9052287581699346,0.8790849673202614,0.9049180327868852,0.8966698810671809,0.014811732795795205,5
0.006441497802734375,0.00029817019081320204,0.0012161731719970703,0.0005090052737591565,balanced,log_loss,10,,random,"{'class_weight': 'balanced', 'criterion': 'log_loss', 'max_depth': 10, 'max_features': None, 'splitter': 'random'}",0.7320261437908496,0.7156862745098039,0.5980392156862745,0.5980392156862745,0.7016393442622951,0.6690860387870996,0.058801460237133486,31
0.009508657455444335,0.0006130064169799017,0.0012965202331542969,0.0003916870857613577,balanced,log_loss,10,sqrt,best,"{'class_weight': 'balanced', 'criterion': 'log_loss', 'max_depth': 10, 'max_features': 'sqrt', 'splitter': 'best'}",0.46078431372549017,0.3235294117647059,0.4869281045751634,0.4869281045751634,0.3377049180327869,0.419174970534662,0.07307223022799815,49
0.0031836509704589845,0.0004340288376086387,0.0012038707733154296,0.0003954057121099242,balanced,log_loss,10,sqrt,random,"{'class_weight': 'balanced', 'criterion': 'log_loss', 'max_depth': 10, 'max_features': 'sqrt', 'splitter': 'random'}",0.24836601307189543,0.18627450980392157,0.20915032679738563,0.19607843137254902,0.16721311475409836,0.20141647915997002,0.02717246864260567,157
0.008472013473510741,0.0006719236976449148,0.0014122962951660157,0.0004898360994348545,balanced,log_loss,10,log2,best,"{'class_weight': 'balanced', 'criterion': 'log_loss', 'max_depth': 10, 'max_features': 'log2', 'splitter': 'best'}",0.45098039215686275,0.23529411764705882,0.24836601307189543,0.39215686274509803,0.28524590163934427,0.32240865745205183,0.08467328948191649,87
0.003027009963989258,0.0005686234108095925,0.0015410423278808595,0.00032729404365322345,balanced,log_loss,10,log2,random,"{'class_weight': 'balanced', 'criterion': 'log_loss', 'max_depth': 10, 'max_features': 'log2', 'splitter': 'random'}",0.28104575163398693,0.22549019607843138,0.23202614379084968,0.1437908496732026,0.2262295081967213,0.22171648987463838,0.044120888156230435,139
